<manifest alg="2" build="2015.0.1.310" opt="true" iceEnabled="true" iceMarkupVersion="2" exportTarget="other" domain="www.new.com" resolutions="1x" timestamp="1531371196309">
  <folder name="css">
    <file name="site_global.css" crc="3977440549"/>
    <file name="master_e-master.css" crc="312702379" ref="courses-next-sem:courses-last-sem:projects-offered:feedback-of-courses"/>
    <file name="master_d-master.css" crc="4027690926" ref="reportsthesis:phd-programs:yearly-archives"/>
    <file name="master_b-master.css" crc="191666559" ref="conferences:special-programs:workshops:outreach:invited-lectures"/>
    <file name="master_a-master.css" crc="101288753" ref="focus-areas:about:staff:index:conferences:reportsthesis:courses-next-sem:courses-last-sem:faculty:phd-programs:cpc:projects-offered:affiliated:special-programs:workshops:adjoint:feedback-of-courses:academics:joint:outreach:invited-lectures:crc:yearly-archives:events:phd-students:contact-us"/>
    <file name="master_c-master.css" crc="393291854" ref="staff:faculty:cpc:affiliated:adjoint:joint:crc:phd-students"/>
    <file name="focus-areas.css" crc="508665737" ref="focus-areas"/>
    <file name="about.css" crc="82334434" ref="about"/>
    <file name="staff.css" crc="354537531" ref="staff"/>
    <file name="index.css" crc="136065062" ref="index"/>
    <file name="conferences.css" crc="480888625" ref="conferences"/>
    <file name="reportsthesis.css" crc="487013896" ref="reportsthesis"/>
    <file name="courses-next-sem.css" crc="3835904887" ref="courses-next-sem"/>
    <file name="courses-last-sem.css" crc="3790533268" ref="courses-last-sem"/>
    <file name="faculty.css" crc="3966108448" ref="faculty"/>
    <file name="phd-programs.css" crc="4225807886" ref="phd-programs"/>
    <file name="cpc.css" crc="3791364872" ref="cpc"/>
    <file name="projects-offered.css" crc="3858636590" ref="projects-offered"/>
    <file name="affiliated.css" crc="354537531" ref="affiliated"/>
    <file name="special-programs.css" crc="301715736" ref="special-programs"/>
    <file name="workshops.css" crc="61630700" ref="workshops"/>
    <file name="adjoint.css" crc="354537531" ref="adjoint"/>
    <file name="feedback-of-courses.css" crc="447541551" ref="feedback-of-courses"/>
    <file name="academics.css" crc="11044791" ref="academics"/>
    <file name="joint.css" crc="354537531" ref="joint"/>
    <file name="outreach.css" crc="4252382002" ref="outreach"/>
    <file name="invited-lectures.css" crc="4007303130" ref="invited-lectures"/>
    <file name="crc.css" crc="58377820" ref="crc"/>
    <file name="yearly-archives.css" crc="414409114" ref="yearly-archives"/>
    <file name="events.css" crc="3894698039" ref="events"/>
    <file name="phd-students.css" crc="138034324" ref="phd-students"/>
    <file name="contact-us.css" crc="399280788" ref="contact-us"/>
  </folder>
  <folder name="assets">
    <file name="adinarayanan-iitd-inner-development-course-plan.pdf" crc="449552420" seo="true" mt="1531352096000"/>
    <file name="vev741_yogic_neuroscience.pdf" crc="77358056" seo="true" mt="1531352104000"/>
    <file name="vev733_socraticmethod.pdf" crc="508102282" seo="true" mt="1531352102000"/>
    <file name="vev732-drbijlani-course.pdf" crc="11948627" seo="true" mt="1531352100000"/>
  </folder>
  <folder name="scripts">
    <file name="jquery-1.8.3.min.js" crc="4183747535" ref="index:about:academics:events:contact-us:faculty:phd-students:staff:reportsthesis:focus-areas:phd-programs:courses-last-sem:courses-next-sem:projects-offered:feedback-of-courses:crc:cpc:adjoint:affiliated:joint:invited-lectures:conferences:workshops:special-programs:outreach:yearly-archives"/>
    <file name="museutils.js" crc="334180058" ref="index:about:academics:events:contact-us:faculty:phd-students:staff:reportsthesis:focus-areas:phd-programs:courses-last-sem:courses-next-sem:projects-offered:feedback-of-courses:crc:cpc:adjoint:affiliated:joint:invited-lectures:conferences:workshops:special-programs:outreach:yearly-archives"/>
    <file name="jquery.watch.js" crc="293013060" ref="index:about:academics:events:contact-us:faculty:phd-students:staff:reportsthesis:focus-areas:phd-programs:courses-last-sem:courses-next-sem:projects-offered:feedback-of-courses:crc:cpc:adjoint:affiliated:joint:invited-lectures:conferences:workshops:special-programs:outreach:yearly-archives"/>
    <file name="pie.js" crc="3827607177" ref="index"/>
    <file name="jquery.musemenu.js" crc="315128729" ref="index:about:academics:events:contact-us:faculty:phd-students:staff:reportsthesis:focus-areas:phd-programs:courses-last-sem:courses-next-sem:projects-offered:feedback-of-courses:crc:cpc:adjoint:affiliated:joint:invited-lectures:conferences:workshops:special-programs:outreach:yearly-archives"/>
    <file name="html5shiv.js" crc="4241844378" ref="index:about:academics:events:contact-us:faculty:phd-students:staff:reportsthesis:focus-areas:phd-programs:courses-last-sem:courses-next-sem:projects-offered:feedback-of-courses:crc:cpc:adjoint:affiliated:joint:invited-lectures:conferences:workshops:special-programs:outreach:yearly-archives"/>
  </folder>
  <folder name="images">
    <file name="favicon.ico" crc="3852930774" ref="index"/>
    <file name="pasted image 590x600.jpg" crc="76551682" seo="true" ref="index:about:academics:events:contact-us:faculty:phd-students:staff:reportsthesis:focus-areas:phd-programs:courses-last-sem:courses-next-sem:projects-offered:feedback-of-courses:crc:cpc:adjoint:affiliated:joint:invited-lectures:conferences:workshops:special-programs:outreach:yearly-archives"/>
    <file name="pasted image 759x422.jpg" crc="4244701103" seo="true" ref="index"/>
    <file name="u1487-4.png" crc="354699659" ref="index"/>
    <file name="u1213-5.png" crc="113053013" ref="index"/>
    <file name="u1490-4.png" crc="223765383" ref="index"/>
    <file name="pasted image 413x329.jpg" crc="52798439" seo="true" ref="faculty"/>
    <file name="pasted image 419x394.jpg" crc="410236881" seo="true" ref="faculty"/>
    <file name="pasted image 389x314.jpg" crc="512532374" seo="true" ref="faculty"/>
    <file name="pasted image 873x410.jpg" crc="225029689" seo="true" ref="phd-students"/>
    <file name="pasted image 1047x431.jpg" crc="4137663707" seo="true" ref="feedback-of-courses"/>
    <file name="pasted image 1022x543.jpg" crc="37143104" seo="true" ref="feedback-of-courses"/>
    <file name="pasted image 814x705.jpg" crc="3942335407" seo="true" ref="crc"/>
    <file name="pasted image 793x621.jpg" crc="276007484" seo="true" ref="cpc"/>
  </folder>
  <file name="index.html" crc="47005061" seo="true" mt="1531347122166" redirect="true"/>
  <file name="about.html" crc="3845249069" seo="true" mt="1531347148077" redirect="true"/>
  <file name="academics.html" crc="4074459772" seo="true" mt="1531351912790" redirect="true"/>
  <file name="events.html" crc="3945316764" seo="true" mt="1531348934907" redirect="true"/>
  <file name="contact-us.html" crc="149786495" seo="true" mt="1531349677440" redirect="true"/>
  <file name="faculty.html" crc="446974989" seo="true" mt="1531348414020" redirect="true"/>
  <file name="phd-students.html" crc="3795300491" seo="true" mt="1531348233915" redirect="true"/>
  <file name="staff.html" crc="3886824107" seo="true" mt="1531348233915" redirect="true"/>
  <file name="reportsthesis.html" crc="3851517502" seo="true" mt="1531346586737" redirect="true"/>
  <file name="focus-areas.html" crc="247260233" seo="true" mt="1531346586737" redirect="true"/>
  <file name="phd-programs.html" crc="61769760" seo="true" mt="1531346965635" redirect="true"/>
  <file name="courses-last-sem.html" crc="511179592" seo="true" mt="1531352338791" redirect="true"/>
  <file name="courses-next-sem.html" crc="4047032737" seo="true" mt="1531346586737" redirect="true"/>
  <file name="projects-offered.html" crc="147017657" seo="true" mt="1531351436023" redirect="true"/>
  <file name="feedback-of-courses.html" crc="361244843" seo="true" mt="1531351157588" redirect="true"/>
  <file name="crc.html" crc="516892221" seo="true" mt="1531352520008" redirect="true"/>
  <file name="cpc.html" crc="511914855" seo="true" mt="1531352726828" redirect="true"/>
  <file name="adjoint.html" crc="4029389611" seo="true" mt="1531348233915" redirect="true"/>
  <file name="affiliated.html" crc="4222226397" seo="true" mt="1531348233915" redirect="true"/>
  <file name="joint.html" crc="3926852437" seo="true" mt="1531348233915" redirect="true"/>
  <file name="invited-lectures.html" crc="472491829" seo="true" mt="1531350457609" redirect="true"/>
  <file name="conferences.html" crc="4261472320" seo="true" mt="1531350368553" redirect="true"/>
  <file name="workshops.html" crc="4107221430" seo="true" mt="1531350297531" redirect="true"/>
  <file name="special-programs.html" crc="135219285" seo="true" mt="1531350278448" redirect="true"/>
  <file name="outreach.html" crc="3925301299" seo="true" mt="1531350066597" redirect="true"/>
  <file name="yearly-archives.html" crc="522385288" seo="true" mt="1531351782491" redirect="true"/>
</manifest>